{
  "compactness": 0.09189644584265017,
  "n_solids": 0.08959628760976342,
  "aspect_x_compactness": 0.0769598244861334,
  "n_shells": 0.07481082625505575,
  "is_multi_solid": 0.05840976586937716,
  "vol_sa_ratio": 0.048734374394365,
  "graph_n_components": 0.04829011798397342,
  "shell_solid_ratio": 0.028570989979896825,
  "volume": 0.025829138215936367,
  "graph_avg_degree": 0.025318793804168557,
  "graph_density": 0.023246478557588327,
  "log_volume": 0.021852012215859973,
  "euler_char": 0.019916707177461315,
  "n_vertices": 0.018565934510573902,
  "n_wires": 0.01825516598688062,
  "n_faces": 0.016728302318783205,
  "graph_n_nodes": 0.016528087190930404,
  "n_compounds": 0.014684876589856113,
  "log_min_dim": 0.014680023978113186,
  "min_dim_over_tol": 0.01454460409444239,
  "has_compound": 0.013874628242496594,
  "has_boolean_op": 0.01367928354401216,
  "dim_min_x_tolerance": 0.01339578034137527,
  "graph_n_edges": 0.012674407133937082,
  "graph_max_face_area": 0.01241955305747411,
  "face_edge_ratio": 0.01210672339873866,
  "dim_min_x_tol_ratio": 0.011850760285400158,
  "aspect_ratio": 0.011349359873691263,
  "bbox_vol": 0.01091069653530871,
  "graph_frac_plane": 0.010778979481327697,
  "graph_max_degree": 0.010517726682443367,
  "n_edges": 0.010508840242034752,
  "graph_degree_std": 0.010340244124542935,
  "graph_std_face_area": 0.010201247322762577,
  "dim_min": 0.010013799598048115,
  "graph_max_edge_len": 0.009730826897846967,
  "log_aspect_ratio": 0.008301581488002481,
  "mid_ratio": 0.007814757117704267,
  "bbox_lz": 0.007544469503586779,
  "surface_area": 0.007522128783379936,
  "graph_min_face_area": 0.007416905066944698,
  "area_per_face": 0.006203834491161052,
  "graph_frac_sphere": 0.005018045661361837,
  "graph_mean_edge_len": 0.0036733323208814027,
  "graph_mean_face_area": 0.0036119632388416072,
  "bbox_diag": 0.0025584368276448887,
  "bbox_ly": 0.0022371474679033585,
  "dim_mid": 0.0022080916059682267,
  "dim_max": 0.0017843483491637487,
  "bbox_lx": 0.0007321161594686865,
  "graph_frac_cylinder": 0.0007001484392482847,
  "graph_max_loops_per_face": 0.00047541477172225106,
  "graph_multi_loop_faces": 0.00040317972343549064,
  "graph_avg_loops_per_face": 2.2485160331149777e-05,
  "graph_isolated_faces": 0.0,
  "graph_frac_cone": 0.0,
  "graph_frac_bspline": 0.0,
  "graph_frac_other": 0.0,
  "graph_frac_torus": 0.0,
  "n_compsolids": 0.0
}